validation_case_id,security_id,ticker,asof_date,candidate_id,base_id,lineage_id,pattern,pattern_status,structural_end,pivot_level,pivot_source_date,pivot_crossed_intraday,volume_ratio,C_screen_state,A_screen_state,L_individual_leadership_state,rs_rating_proxy_percentile,M_market_state,M_entry_state,candidate_stage,eligibility_reason_codes,annual_eps_growth_measure,evidence_adapter_reason_codes
0007acd71e316664,VGG2788T1113,DOGZ,2021-06-30,0914990256545b7507f43314,base_0c3f1ee009021333020e,lineage_5ccd96f942c52a7be883,FLAT_BASE,REJECTED,2020-07-31,24.0,2020-04-27,False,,NOT_EVALUABLE,NOT_EVALUABLE,FAIL,65.3846153846,CONFIRMED_UPTREND,ALLOW_NEW_BUYS,NOT_ELIGIBLE,"[""PATTERN_REJECTED""]",,"[""C_NOT_PIT_AVAILABLE"",""A_3Y_EPS_CAGR_NOT_EVALUABLE"",""L_RS_PERCENTILE_LT_80"",""M_CONFIRMED_UPTREND"",""I_NOT_PIT_EVALUABLE""]"
0038a2112560d69a,US64125C1099,NBIX,2021-06-30,76e636bdf5c770f9401b61c4,base_eeca2e899a8fff3d6725,lineage_33c70a39907968980b2e,CUP_WITHOUT_HANDLE,AMBIGUOUS,2021-06-30,119.98999786,2021-02-10,False,,NOT_EVALUABLE,NOT_EVALUABLE,FAIL,52.2307692308,CONFIRMED_UPTREND,ALLOW_NEW_BUYS,NOT_ELIGIBLE,"[""PATTERN_AMBIGUOUS""]",,"[""C_NOT_PIT_AVAILABLE"",""A_3Y_EPS_CAGR_NOT_EVALUABLE"",""L_RS_PERCENTILE_LT_80"",""M_CONFIRMED_UPTREND"",""I_NOT_PIT_EVALUABLE""]"
0006c067633930f6,US1570851014,CERS,2021-06-30,844e0d131d4dc3cfea5af798,base_24e57ad40f79cda3412d,lineage_2ed117bf611ab409b5c0,DOUBLE_BOTTOM,RECOGNIZED,2021-05-04,8.40999985,2021-02-08,False,,NOT_EVALUABLE,NOT_EVALUABLE,FAIL,24.6153846154,CONFIRMED_UPTREND,ALLOW_NEW_BUYS,PIVOT_DEFINED,[], ,"[""C_NOT_PIT_AVAILABLE"",""A_3Y_EPS_CAGR_NOT_EVALUABLE"",""L_RS_PERCENTILE_LT_80"",""M_CONFIRMED_UPTREND"",""I_NOT_PIT_EVALUABLE""]"
0013989758845d6d,US1570851014,CERS,2021-12-31,40c0a3a11852eaa68bb0f313,base_3d3c6c1ea0a5e24991aa,lineage_c0a3f934bb1fbf73a2c1,DOUBLE_BOTTOM,RECOGNIZED,2021-06-22,6.36999989,2021-04-28,False,,NOT_EVALUABLE,NOT_EVALUABLE,FAIL,37.3076923077,CONFIRMED_UPTREND,ALLOW_NEW_BUYS,PIVOT_DEFINED,"[""BREAKOUT_ALREADY_OCCURRED""]",,"[""C_NOT_PIT_AVAILABLE"",""A_3Y_EPS_CAGR_NOT_EVALUABLE"",""L_RS_PERCENTILE_LT_80"",""M_CONFIRMED_UPTREND"",""I_NOT_PIT_EVALUABLE""]"
0001a55481cc5005,US64125C1099,NBIX,2021-12-31,40f130f30b32bebbe1dd3918,base_6659968e7b9bce7678a8,lineage_78e8c35e59a17cf84aae,DOUBLE_BOTTOM,REJECTED,2020-12-09,100.0,2020-12-03,False,,NOT_EVALUABLE,NOT_EVALUABLE,FAIL,69.5384615385,CONFIRMED_UPTREND,ALLOW_NEW_BUYS,NOT_ELIGIBLE,"[""PATTERN_REJECTED""]",,"[""C_NOT_PIT_AVAILABLE"",""A_3Y_EPS_CAGR_NOT_EVALUABLE"",""L_RS_PERCENTILE_LT_80"",""M_CONFIRMED_UPTREND"",""I_NOT_PIT_EVALUABLE""]"
027b4c6c6551943a,US3755581036,GILD,2021-12-31,738f423dd92e5c81b430cb5d,base_9a2d22d4314e21df03fe,lineage_22d104be9fa2bb25e4a7,CUP_WITH_HANDLE,RECOGNIZED,2021-12-31,69.36000061,2021-02-05,False,,NOT_EVALUABLE,NOT_EVALUABLE,FAIL,61.8461538462,CONFIRMED_UPTREND,ALLOW_NEW_BUYS,PIVOT_DEFINED,"[""BREAKOUT_ALREADY_OCCURRED""]",,"[""C_NOT_PIT_AVAILABLE"",""A_3Y_EPS_CAGR_NOT_EVALUABLE"",""L_RS_PERCENTILE_LT_80"",""M_CONFIRMED_UPTREND"",""I_NOT_PIT_EVALUABLE""]"
017b3c66a49704da,US03211Q2003,AMPG,2022-03-31,209eb6cc8e819d0ccf527a2a,base_72b1cba0c6ef10869362,lineage_425ce2cd36a900006303,DOUBLE_BOTTOM,RECOGNIZED,2022-03-25,3.97900009,2022-01-12,False,,NOT_EVALUABLE,NOT_EVALUABLE,FAIL,25.4615384615,CONFIRMED_UPTREND,ALLOW_NEW_BUYS,PIVOT_DEFINED,[], ,"[""C_NOT_PIT_AVAILABLE"",""A_3Y_EPS_CAGR_NOT_EVALUABLE"",""L_RS_PERCENTILE_LT_80"",""M_CONFIRMED_UPTREND"",""I_NOT_PIT_EVALUABLE""]"
019d94da8722b41e,US64125C1099,NBIX,2022-06-30,279c55d5438c58391399786c,base_d80eb5ad3ad5823c5743,lineage_689267965dba8fb04f38,FLAT_BASE,AMBIGUOUS,2022-04-08,81.05999756,2022-01-13,False,,NOT_EVALUABLE,NOT_EVALUABLE,FAIL,72.3076923077,CONFIRMED_UPTREND,ALLOW_NEW_BUYS,NOT_ELIGIBLE,"[""PATTERN_AMBIGUOUS""]",,"[""C_NOT_PIT_AVAILABLE"",""A_3Y_EPS_CAGR_NOT_EVALUABLE"",""L_RS_PERCENTILE_LT_80"",""M_CONFIRMED_UPTREND"",""I_NOT_PIT_EVALUABLE""]"
00097a3219b0a3ec,US23291C1036,BOOM,2022-06-30,0ab01bfac1560ae0e01a9126,base_a5df8d77d28ee11e461a,lineage_b5196709b1d0b6170fb7,DOUBLE_BOTTOM,RECOGNIZED,2021-11-02,57.18000031,2021-07-14,False,,NOT_EVALUABLE,NOT_EVALUABLE,FAIL,43.3846153846,CONFIRMED_UPTREND,ALLOW_NEW_BUYS,PIVOT_DEFINED,[], ,"[""C_NOT_PIT_AVAILABLE"",""A_3Y_EPS_CAGR_NOT_EVALUABLE"",""L_RS_PERCENTILE_LT_80"",""M_CONFIRMED_UPTREND"",""I_NOT_PIT_EVALUABLE""]"
0005fb5fe2bed0b3,US23291C1036,BOOM,2022-09-30,f9d33d21faea4f8b5591c9e6,base_4f736f0fd35da4ef79c4,lineage_a4fb68a50abfbb8793dc,CUP_WITH_HANDLE,AMBIGUOUS,2022-06-28,47.45999908,2021-11-09,False,,NOT_EVALUABLE,NOT_EVALUABLE,FAIL,30.1538461538,CONFIRMED_UPTREND,ALLOW_NEW_BUYS,NOT_ELIGIBLE,"[""PATTERN_AMBIGUOUS""]",,"[""C_NOT_PIT_AVAILABLE"",""A_3Y_EPS_CAGR_NOT_EVALUABLE"",""L_RS_PERCENTILE_LT_80"",""M_CONFIRMED_UPTREND"",""I_NOT_PIT_EVALUABLE""]"
0003cf8253fdcead,US98955K1043,ZVIA,2022-09-30,d7e410b61211cb9c41d96b23,base_5f182237253828863b7f,lineage_5fd5abe2ea49f80fa87e,FLAT_BASE,REJECTED,2022-01-05,14.38000011,2021-07-26,False,,NOT_EVALUABLE,NOT_EVALUABLE,FAIL,1.5384615385,CONFIRMED_UPTREND,ALLOW_NEW_BUYS,NOT_ELIGIBLE,"[""PATTERN_REJECTED""]",,"[""C_NOT_PIT_AVAILABLE"",""A_3Y_EPS_CAGR_NOT_EVALUABLE"",""L_RS_PERCENTILE_LT_80"",""M_CONFIRMED_UPTREND"",""I_NOT_PIT_EVALUABLE""]"
0007703342cae6d5,VGG2788T1113,DOGZ,2022-12-30,1a486846ead7db52076bc45a,base_8b14977fb4ae185fb1c9,lineage_7e9fd45fe9aabce6aa94,DOUBLE_BOTTOM,REJECTED,2022-12-01,37.0,2022-08-08,False,,NOT_EVALUABLE,NOT_EVALUABLE,FAIL,0.6153846154,CONFIRMED_UPTREND,ALLOW_NEW_BUYS,NOT_ELIGIBLE,"[""PATTERN_REJECTED""]",,"[""C_NOT_PIT_AVAILABLE"",""A_3Y_EPS_CAGR_NOT_EVALUABLE"",""L_RS_PERCENTILE_LT_80"",""M_CONFIRMED_UPTREND"",""I_NOT_PIT_EVALUABLE""]"
000143d618037bd2,US64125C1099,NBIX,2022-12-30,22f4b6f91e413f72730384c0,base_49f6ccc0c19a81a2d66c,lineage_882bfbc2da31e0153a29,FLAT_BASE,AMBIGUOUS,2022-08-09,100.0,2022-06-27,False,,NOT_EVALUABLE,NOT_EVALUABLE,FAIL,94.1538461538,CONFIRMED_UPTREND,ALLOW_NEW_BUYS,NOT_ELIGIBLE,"[""PATTERN_AMBIGUOUS""]",,"[""C_NOT_PIT_AVAILABLE"",""A_3Y_EPS_CAGR_NOT_EVALUABLE"",""L_RS_PERCENTILE_PASS"",""M_CONFIRMED_UPTREND"",""I_NOT_PIT_EVALUABLE""]"
00042e7a93b975b8,CA53229C1077,LSPD,2023-03-31,138813118b588a4fee12cecf,base_ebd4d8e8b8d3574a902e,lineage_b0e6d4e6ad4ea2df604c,DOUBLE_BOTTOM,REJECTED,2022-12-28,17.61000061,2022-12-02,False,,NOT_EVALUABLE,NOT_EVALUABLE,FAIL,20.1538461538,CONFIRMED_UPTREND,ALLOW_NEW_BUYS,NOT_ELIGIBLE,"[""PATTERN_REJECTED""]",,"[""C_NOT_PIT_AVAILABLE"",""A_3Y_EPS_CAGR_NOT_EVALUABLE"",""L_RS_PERCENTILE_LT_80"",""M_CONFIRMED_UPTREND"",""I_NOT_PIT_EVALUABLE""]"
0017d93910727c8a,VGG2788T1113,DOGZ,2023-03-31,f3d39e51b64aa802cc6bdf4f,base_55d24908e9f5964e299a,lineage_45d845bb6f2422f8d4d7,DOUBLE_BOTTOM,RECOGNIZED,2023-03-28,21.16600037,2023-01-31,False,,NOT_EVALUABLE,NOT_EVALUABLE,FAIL,3.6923076923,CONFIRMED_UPTREND,ALLOW_NEW_BUYS,PIVOT_DEFINED,[], ,"[""C_NOT_PIT_AVAILABLE"",""A_3Y_EPS_CAGR_NOT_EVALUABLE"",""L_RS_PERCENTILE_LT_80"",""M_CONFIRMED_UPTREND"",""I_NOT_PIT_EVALUABLE""]"
0006105f3561329c,US26622P1075,DOCS,2023-06-30,c2cbafa798b313c9fc1e4caa,base_fd0ed5d45aa7090934fd,lineage_1c46268e792d76818ea0,CUP_WITH_HANDLE,AMBIGUOUS,2023-03-23,35.43000031,2022-11-11,False,,NOT_EVALUABLE,NOT_EVALUABLE,FAIL,42.4615384615,CONFIRMED_UPTREND,ALLOW_NEW_BUYS,NOT_ELIGIBLE,"[""PATTERN_AMBIGUOUS""]",,"[""C_NOT_PIT_AVAILABLE"",""A_3Y_EPS_CAGR_NOT_EVALUABLE"",""L_RS_PERCENTILE_LT_80"",""M_CONFIRMED_UPTREND"",""I_NOT_PIT_EVALUABLE""]"
002150b97cfe57a4,US26622P1075,DOCS,2023-06-30,df11a125fe500776ee968f24,base_7e48af6f551889711a5c,lineage_741f0a8599e002f68198,DOUBLE_BOTTOM,RECOGNIZED,2023-01-06,38.77000046,2022-08-12,False,,NOT_EVALUABLE,NOT_EVALUABLE,FAIL,42.4615384615,CONFIRMED_UPTREND,ALLOW_NEW_BUYS,PIVOT_DEFINED,[], ,"[""C_NOT_PIT_AVAILABLE"",""A_3Y_EPS_CAGR_NOT_EVALUABLE"",""L_RS_PERCENTILE_LT_80"",""M_CONFIRMED_UPTREND"",""I_NOT_PIT_EVALUABLE""]"
0025aa3bbd8d81f2,US05637B1052,BLZE,2023-06-30,d305e66ca9e3ea4f81fc5417,base_7c30174f0f1bd0250823,lineage_357b247677052a30d74e,DOUBLE_BOTTOM,RECOGNIZED,2023-05-04,8.19999981,2022-08-12,False,,NOT_EVALUABLE,NOT_EVALUABLE,FAIL,5.2307692308,CONFIRMED_UPTREND,ALLOW_NEW_BUYS,PIVOT_DEFINED,[], ,"[""C_NOT_PIT_AVAILABLE"",""A_3Y_EPS_CAGR_NOT_EVALUABLE"",""L_RS_PERCENTILE_LT_80"",""M_CONFIRMED_UPTREND"",""I_NOT_PIT_EVALUABLE""]"
0008ed4197da5079,US1570851014,CERS,2023-06-30,0289eb68fb11c5513c43fc33,base_70fa1668ac8582048aef,lineage_667ff7df64abbac9ba7c,DOUBLE_BOTTOM,REJECTED,2023-03-01,5.94999981,2022-07-08,False,,NOT_EVALUABLE,NOT_EVALUABLE,FAIL,12.9230769231,CONFIRMED_UPTREND,ALLOW_NEW_BUYS,NOT_ELIGIBLE,"[""PATTERN_REJECTED""]",,"[""C_NOT_PIT_AVAILABLE"",""A_3Y_EPS_CAGR_NOT_EVALUABLE"",""L_RS_PERCENTILE_LT_80"",""M_CONFIRMED_UPTREND"",""I_NOT_PIT_EVALUABLE""]"
0004b15099b33034,US03211Q2003,AMPG,2023-06-30,e853824337a7e519eb666f3b,base_b05cfd43ab7ea9dcf13c,lineage_6a64dd512ea05f2e6eb3,CUP_WITH_HANDLE,AMBIGUOUS,2022-11-28,2.77999997,2022-07-22,False,,NOT_EVALUABLE,NOT_EVALUABLE,FAIL,0.7692307692,CONFIRMED_UPTREND,ALLOW_NEW_BUYS,NOT_ELIGIBLE,"[""PATTERN_AMBIGUOUS""]",,"[""C_NOT_PIT_AVAILABLE"",""A_3Y_EPS_CAGR_NOT_EVALUABLE"",""L_RS_PERCENTILE_LT_80"",""M_CONFIRMED_UPTREND"",""I_NOT_PIT_EVALUABLE""]"
00003834b6672567,US23291C1036,BOOM,2023-09-29,addd2df8c12071f32960b708,base_85528d8d4fa8942077be,lineage_0a6a8667ab4501bf70fa,CUP_WITH_HANDLE,AMBIGUOUS,2023-08-23,22.97999954,2023-03-22,False,,NOT_EVALUABLE,NOT_EVALUABLE,FAIL,12.9230769231,CONFIRMED_UPTREND,ALLOW_NEW_BUYS,NOT_ELIGIBLE,"[""PATTERN_AMBIGUOUS""]",,"[""C_NOT_PIT_AVAILABLE"",""A_3Y_EPS_CAGR_NOT_EVALUABLE"",""L_RS_PERCENTILE_LT_80"",""M_CONFIRMED_UPTREND"",""I_NOT_PIT_EVALUABLE""]"
0007d51b171d80b9,US05637B1052,BLZE,2023-09-29,3939b8603bb15ec0e903a4ad,base_d1e0f66ae247d8d7a839,lineage_ecf5941656935a132513,CUP_WITH_HANDLE,AMBIGUOUS,2023-09-06,4.94999981,2023-06-16,False,,NOT_EVALUABLE,NOT_EVALUABLE,FAIL,14.1538461538,CONFIRMED_UPTREND,ALLOW_NEW_BUYS,NOT_ELIGIBLE,"[""PATTERN_AMBIGUOUS""]",,"[""C_NOT_PIT_AVAILABLE"",""A_3Y_EPS_CAGR_NOT_EVALUABLE"",""L_RS_PERCENTILE_LT_80"",""M_CONFIRMED_UPTREND"",""I_NOT_PIT_EVALUABLE""]"
001b72fe8ebdd1e5,US98955K1043,ZVIA,2023-09-29,78086cb4037cbec6b5a24695,base_4368f34bded9b36b56e7,lineage_8f929b9adbbd109226d5,DOUBLE_BOTTOM,RECOGNIZED,2023-05-04,4.73999977,2023-02-15,False,,NOT_EVALUABLE,NOT_EVALUABLE,FAIL,8.3076923077,CONFIRMED_UPTREND,ALLOW_NEW_BUYS,PIVOT_DEFINED,[], ,"[""C_NOT_PIT_AVAILABLE"",""A_3Y_EPS_CAGR_NOT_EVALUABLE"",""L_RS_PERCENTILE_LT_80"",""M_CONFIRMED_UPTREND"",""I_NOT_PIT_EVALUABLE""]"
00013b42ad622aa4,US1570851014,CERS,2023-09-29,72337609af0e57eb0ef1f68e,base_2ff0d81622375f63fc87,lineage_b1c5ed70eb7a7271852e,DOUBLE_BOTTOM,REJECTED,2023-05-12,4.05000019,2023-01-05,False,,NOT_EVALUABLE,NOT_EVALUABLE,FAIL,12.0,CONFIRMED_UPTREND,ALLOW_NEW_BUYS,NOT_ELIGIBLE,"[""PATTERN_REJECTED""]",,"[""C_NOT_PIT_AVAILABLE"",""A_3Y_EPS_CAGR_NOT_EVALUABLE"",""L_RS_PERCENTILE_LT_80"",""M_CONFIRMED_UPTREND"",""I_NOT_PIT_EVALUABLE""]"
000751913beb4099,US05637B1052,BLZE,2023-12-29,51e0d814a4f0d5965217a0a5,base_773f07fd7eb356b9bdde,lineage_502dc2c44738b729bc14,DOUBLE_BOTTOM,AMBIGUOUS,2023-09-12,7.05000019,2023-09-06,False,,NOT_EVALUABLE,NOT_EVALUABLE,PASS,85.8461538462,CONFIRMED_UPTREND,ALLOW_NEW_BUYS,NOT_ELIGIBLE,"[""PATTERN_AMBIGUOUS""]",,"[""C_NOT_PIT_AVAILABLE"",""A_3Y_EPS_CAGR_NOT_EVALUABLE"",""L_RS_PERCENTILE_GE_80"",""M_CONFIRMED_UPTREND"",""I_NOT_PIT_EVALUABLE""]"
0007ba77001d23a7,US1570851014,CERS,2023-12-29,53cd5239730d45275a746bd2,base_04de70c6599637d14fb6,lineage_0dacbc498edc18d9009c,DOUBLE_BOTTOM,REJECTED,2023-11-10,3.46000004,2023-02-02,False,,NOT_EVALUABLE,NOT_EVALUABLE,FAIL,16.0,CONFIRMED_UPTREND,ALLOW_NEW_BUYS,NOT_ELIGIBLE,"[""PATTERN_REJECTED""]",,"[""C_NOT_PIT_AVAILABLE"",""A_3Y_EPS_CAGR_NOT_EVALUABLE"",""L_RS_PERCENTILE_LT_80"",""M_CONFIRMED_UPTREND"",""I_NOT_PIT_EVALUABLE""]"
0001f444b399212c,US03211Q2003,AMPG,2024-03-28,b0465fdad8008cfeed2db650,base_ec370554eb1c0ae6f9aa,lineage_103bed416a97d8dc6e93,DOUBLE_BOTTOM,AMBIGUOUS,2023-09-19,3.31999993,2023-05-02,False,,NOT_EVALUABLE,NOT_EVALUABLE,FAIL,15.8461538462,CONFIRMED_UPTREND,ALLOW_NEW_BUYS,NOT_ELIGIBLE,"[""PATTERN_AMBIGUOUS""]",,"[""C_NOT_PIT_AVAILABLE"",""A_3Y_EPS_CAGR_NOT_EVALUABLE"",""L_RS_PERCENTILE_LT_80"",""M_CONFIRMED_UPTREND"",""I_NOT_PIT_EVALUABLE""]"
00042b6ee90dc328,CA53229C1077,LSPD,2024-03-28,99a4af1c970c4879724f0d83,base_e8c45fcf470232911fa2,lineage_8519938da26f67ead2bd,DOUBLE_BOTTOM,RECOGNIZED,2023-10-30,16.63999939,2023-09-01,False,,NOT_EVALUABLE,NOT_EVALUABLE,FAIL,18.1538461538,CONFIRMED_UPTREND,ALLOW_NEW_BUYS,PIVOT_DEFINED,"[""BREAKOUT_ALREADY_OCCURRED""]",,"[""C_NOT_PIT_AVAILABLE"",""A_3Y_EPS_CAGR_NOT_EVALUABLE"",""L_RS_PERCENTILE_LT_80"",""M_CONFIRMED_UPTREND"",""I_NOT_PIT_EVALUABLE""]"
00096f7a4b4ecab4,US18467V1098,YOU,2024-03-28,d1a865981e0ac812ffd2dcee,base_e3fc303df61fdcc90c1f,lineage_b7930113209cd55e04a8,CUP_WITHOUT_HANDLE,RECOGNIZED,2024-03-28,24.20999908,2023-12-14,False,,NOT_EVALUABLE,NOT_EVALUABLE,FAIL,31.3846153846,CONFIRMED_UPTREND,ALLOW_NEW_BUYS,PIVOT_DEFINED,[], ,"[""C_NOT_PIT_AVAILABLE"",""A_3Y_EPS_CAGR_NOT_EVALUABLE"",""L_RS_PERCENTILE_LT_80"",""M_CONFIRMED_UPTREND"",""I_NOT_PIT_EVALUABLE""]"
00030b2df588556d,US49907V2016,KSCP,2024-03-28,36a5a9acf5aff5a6a83ce301,base_119d181a7530ed894a47,lineage_2f4e50e4ee9f91a17912,DOUBLE_BOTTOM,REJECTED,2024-03-01,41.0,2023-12-05,False,,NOT_EVALUABLE,NOT_EVALUABLE,FAIL,4.3076923077,CONFIRMED_UPTREND,ALLOW_NEW_BUYS,NOT_ELIGIBLE,"[""PATTERN_REJECTED""]",,"[""C_NOT_PIT_AVAILABLE"",""A_3Y_EPS_CAGR_NOT_EVALUABLE"",""L_RS_PERCENTILE_LT_80"",""M_CONFIRMED_UPTREND"",""I_NOT_PIT_EVALUABLE""]"
001fa9b0e4a4ccd7,US1570851014,CERS,2024-06-28,a21fd96f0e0645cb7d65e5da,base_e42712c014267b17cdb4,lineage_600bd81e689bd5abe192,DOUBLE_BOTTOM,RECOGNIZED,2024-06-04,2.20000005,2024-05-15,False,,NOT_EVALUABLE,NOT_EVALUABLE,FAIL,13.2307692308,CONFIRMED_UPTREND,ALLOW_NEW_BUYS,PIVOT_DEFINED,"[""BREAKOUT_ALREADY_OCCURRED""]",,"[""C_NOT_PIT_AVAILABLE"",""A_3Y_EPS_CAGR_NOT_EVALUABLE"",""L_RS_PERCENTILE_LT_80"",""M_CONFIRMED_UPTREND"",""I_NOT_PIT_EVALUABLE""]"
000295a8a2d10e84,US98955K1043,ZVIA,2024-06-28,4d08ad72a8f7637fbd6aed9e,base_ea28860744ab27b342a7,lineage_b247cdd93f1080b2eaa5,DOUBLE_BOTTOM,REJECTED,2024-06-14,2.86899996,2023-09-12,False,,NOT_EVALUABLE,NOT_EVALUABLE,FAIL,6.1538461538,CONFIRMED_UPTREND,ALLOW_NEW_BUYS,NOT_ELIGIBLE,"[""PATTERN_REJECTED""]",,"[""C_NOT_PIT_AVAILABLE"",""A_3Y_EPS_CAGR_NOT_EVALUABLE"",""L_RS_PERCENTILE_LT_80"",""M_CONFIRMED_UPTREND"",""I_NOT_PIT_EVALUABLE""]"
000588558b7881ad,US98955K1043,ZVIA,2024-09-30,bd766f3b66e570d1df8958d7,base_c31b52d43b24361a2878,lineage_d9630e2e24812ba536d4,CUP_WITH_HANDLE,AMBIGUOUS,2024-09-30,2.0999999,2023-10-11,False,,NOT_EVALUABLE,NOT_EVALUABLE,FAIL,12.7692307692,CONFIRMED_UPTREND,ALLOW_NEW_BUYS,NOT_ELIGIBLE,"[""PATTERN_AMBIGUOUS""]",,"[""C_NOT_PIT_AVAILABLE"",""A_3Y_EPS_CAGR_NOT_EVALUABLE"",""L_RS_PERCENTILE_LT_80"",""M_CONFIRMED_UPTREND"",""I_NOT_PIT_EVALUABLE""]"
000e7c92a331292f,US23291C1036,BOOM,2024-09-30,896174642b6208e8631d0874,base_e02fd520720223774514,lineage_d7d931d1666273e6d955,DOUBLE_BOTTOM,RECOGNIZED,2024-02-23,27.15999985,2023-09-08,False,,NOT_EVALUABLE,NOT_EVALUABLE,FAIL,5.5384615385,CONFIRMED_UPTREND,ALLOW_NEW_BUYS,PIVOT_DEFINED,[], ,"[""C_NOT_PIT_AVAILABLE"",""A_3Y_EPS_CAGR_NOT_EVALUABLE"",""L_RS_PERCENTILE_LT_80"",""M_CONFIRMED_UPTREND"",""I_NOT_PIT_EVALUABLE""]"
00014b1a370c4869,US53216B1044,LFMD,2024-12-31,3a51145334aded098a6e94bf,base_95c0624dbf2ba6a508fc,lineage_c9df49fa43674096265b,CUP_WITH_HANDLE,AMBIGUOUS,2024-07-31,8.43999958,2024-02-27,False,,NOT_EVALUABLE,NOT_EVALUABLE,FAIL,4.9230769231,CONFIRMED_UPTREND,ALLOW_NEW_BUYS,NOT_ELIGIBLE,"[""PATTERN_AMBIGUOUS""]",,"[""C_NOT_PIT_AVAILABLE"",""A_3Y_EPS_CAGR_NOT_EVALUABLE"",""L_RS_PERCENTILE_LT_80"",""M_CONFIRMED_UPTREND"",""I_NOT_PIT_EVALUABLE""]"
0000c7ada9fedbb8,US1570851014,CERS,2024-12-31,06aa6af2eb5ff8860319715f,base_d10eb5c8e84b834ffdc5,lineage_808f215203528d03209c,CUP_WITH_HANDLE,AMBIGUOUS,2024-09-16,2.3499999,2024-08-19,False,,NOT_EVALUABLE,NOT_EVALUABLE,FAIL,12.0,CONFIRMED_UPTREND,ALLOW_NEW_BUYS,NOT_ELIGIBLE,"[""PATTERN_AMBIGUOUS""]",,"[""C_NOT_PIT_AVAILABLE"",""A_3Y_EPS_CAGR_NOT_EVALUABLE"",""L_RS_PERCENTILE_LT_80"",""M_CONFIRMED_UPTREND"",""I_NOT_PIT_EVALUABLE""]"
0005517396294abd,US23291C1036,BOOM,2025-03-31,94b2cbe7013965948026388c,base_a1422ba625fc753e896a,lineage_c16661f856d4e555daaf,FLAT_BASE,REJECTED,2025-01-29,8.39000034,2024-12-09,False,,NOT_EVALUABLE,NOT_EVALUABLE,FAIL,9.2307692308,CONFIRMED_UPTREND,ALLOW_NEW_BUYS,NOT_ELIGIBLE,"[""PATTERN_REJECTED""]",,"[""C_NOT_PIT_AVAILABLE"",""A_3Y_EPS_CAGR_NOT_EVALUABLE"",""L_RS_PERCENTILE_LT_80"",""M_CONFIRMED_UPTREND"",""I_NOT_PIT_EVALUABLE""]"
001995ab541aa5a5,VGG2788T1113,DOGZ,2025-03-31,08ef97a14ea27cdcf331ba89,base_1963d75e1834178d0e06,lineage_fcac0dd46107156c97ff,DOUBLE_BOTTOM,RECOGNIZED,2025-01-07,56.01499939,2024-12-06,False,,NOT_EVALUABLE,NOT_EVALUABLE,FAIL,7.6923076923,CONFIRMED_UPTREND,ALLOW_NEW_BUYS,PIVOT_DEFINED,[], ,"[""C_NOT_PIT_AVAILABLE"",""A_3Y_EPS_CAGR_NOT_EVALUABLE"",""L_RS_PERCENTILE_LT_80"",""M_CONFIRMED_UPTREND"",""I_NOT_PIT_EVALUABLE""]"
00079c118bd30a2c,US26622P1075,DOCS,2025-03-31,d63a3e12a127de60658d2d93,base_f1dc1d461c4a091f6067,lineage_a1f7f34da3e39bebfc44,FLAT_BASE,REJECTED,2025-01-07,59.13999939,2024-12-23,False,,NOT_EVALUABLE,NOT_EVALUABLE,PASS,85.2307692308,CONFIRMED_UPTREND,ALLOW_NEW_BUYS,NOT_ELIGIBLE,"[""PATTERN_REJECTED""]",,"[""C_NOT_PIT_AVAILABLE"",""A_3Y_EPS_CAGR_NOT_EVALUABLE"",""L_RS_PERCENTILE_GE_80"",""M_CONFIRMED_UPTREND"",""I_NOT_PIT_EVALUABLE""]"
0008f86c5073a37f,US30041T1043,MRAM,2025-06-30,916942412b01cac3a4d04e58,base_60d4cedbdd552a22257a,lineage_e28c370ce7851e11efcb,DOUBLE_BOTTOM,RECOGNIZED,2025-04-08,7.0,2024-10-31,False,,NOT_EVALUABLE,NOT_EVALUABLE,FAIL,2.9230769231,CONFIRMED_UPTREND,ALLOW_NEW_BUYS,PIVOT_DEFINED,[], ,"[""C_NOT_PIT_AVAILABLE"",""A_3Y_EPS_CAGR_NOT_EVALUABLE"",""L_RS_PERCENTILE_LT_80"",""M_CONFIRMED_UPTREND"",""I_NOT_PIT_EVALUABLE""]"
05136ce01bb02b26,US64125C1099,NBIX,2025-06-30,5bc65256e9bd6e5ff34d9301,base_f40c6cbba9eb83328ea1,lineage_8ca3d783c948b02d88d6,CUP_WITHOUT_HANDLE,RECOGNIZED,2025-06-30,130.46000671,2025-05-06,False,,NOT_EVALUABLE,NOT_EVALUABLE,PASS,87.6923076923,CONFIRMED_UPTREND,ALLOW_NEW_BUYS,PIVOT_DEFINED,[], ,"[""C_NOT_PIT_AVAILABLE"",""A_3Y_EPS_CAGR_NOT_EVALUABLE"",""L_RS_PERCENTILE_GE_80"",""M_CONFIRMED_UPTREND"",""I_NOT_PIT_EVALUABLE""]"
0002d6f05cc6ed5e,US03211Q2003,AMPG,2025-06-30,a765f8adff5820ea67e62122,base_83ce8e5fcecd8c60c6b8,lineage_103fbc23b83d2745f66f,DOUBLE_BOTTOM,REJECTED,2025-03-12,6.42999983,2024-12-30,False,,NOT_EVALUABLE,NOT_EVALUABLE,FAIL,1.5384615385,CONFIRMED_UPTREND,ALLOW_NEW_BUYS,NOT_ELIGIBLE,"[""PATTERN_REJECTED""]",,"[""C_NOT_PIT_AVAILABLE"",""A_3Y_EPS_CAGR_NOT_EVALUABLE"",""L_RS_PERCENTILE_LT_80"",""M_CONFIRMED_UPTREND"",""I_NOT_PIT_EVALUABLE""]"
001226af66f6078a,US49907V2016,KSCP,2025-09-30,52a8f8ee4b950b42f94da69a,base_2a720af99fca71ead4fe,lineage_97f1254a88105bb828d6,DOUBLE_BOTTOM,RECOGNIZED,2025-01-27,15.25,2024-12-27,False,,NOT_EVALUABLE,NOT_EVALUABLE,FAIL,15.0769230769,CONFIRMED_UPTREND,ALLOW_NEW_BUYS,PIVOT_DEFINED,"[""BREAKOUT_ALREADY_OCCURRED""]",,"[""C_NOT_PIT_AVAILABLE"",""A_3Y_EPS_CAGR_NOT_EVALUABLE"",""L_RS_PERCENTILE_LT_80"",""M_CONFIRMED_UPTREND"",""I_NOT_PIT_EVALUABLE""]"
001ef517d60c5836,US23291C1036,BOOM,2025-09-30,e64de76f6d0424c7176696d1,base_aeb5dcf208e4df5e8a7a,lineage_d4482914d414795e019f,DOUBLE_BOTTOM,RECOGNIZED,2025-05-22,9.19999981,2025-03-27,False,,NOT_EVALUABLE,NOT_EVALUABLE,FAIL,4.0,CONFIRMED_UPTREND,ALLOW_NEW_BUYS,PIVOT_DEFINED,[], ,"[""C_NOT_PIT_AVAILABLE"",""A_3Y_EPS_CAGR_NOT_EVALUABLE"",""L_RS_PERCENTILE_LT_80"",""M_CONFIRMED_UPTREND"",""I_NOT_PIT_EVALUABLE""]"
65921bc97ce19cad,US26622P1075,DOCS,2025-09-30,c26321169d02400d77e40a16,base_2d0dc0a8ea4bf365d64f,lineage_a1f7f34da3e39bebfc44,CUP_WITHOUT_HANDLE,REJECTED,2025-09-30,59.13999939,2024-12-23,False,,NOT_EVALUABLE,NOT_EVALUABLE,PASS,97.3846153846,CONFIRMED_UPTREND,ALLOW_NEW_BUYS,NOT_ELIGIBLE,"[""PATTERN_REJECTED""]",,"[""C_NOT_PIT_AVAILABLE"",""A_3Y_EPS_CAGR_NOT_EVALUABLE"",""L_RS_PERCENTILE_GE_80"",""M_CONFIRMED_UPTREND"",""I_NOT_PIT_EVALUABLE""]"
0004c708babc8e1a,KYG8552M1179,SUGP,2025-09-30,fb8b88148ef924d3669e30d4,base_a3a4c26859e75cad9424,lineage_a613599695333d5ac9c1,CUP_WITH_HANDLE,AMBIGUOUS,2025-07-25,96.59999847,2024-11-26,False,,NOT_EVALUABLE,NOT_EVALUABLE,FAIL,0.3076923077,CONFIRMED_UPTREND,ALLOW_NEW_BUYS,NOT_ELIGIBLE,"[""PATTERN_AMBIGUOUS""]",,"[""C_NOT_PIT_AVAILABLE"",""A_3Y_EPS_CAGR_NOT_EVALUABLE"",""L_RS_PERCENTILE_LT_80"",""M_CONFIRMED_UPTREND"",""I_NOT_PIT_EVALUABLE""]"
00053ebfa5d34cb3,VGG2788T1113,DOGZ,2025-09-30,52f0387a887961a496907f8b,base_0b6f12ea9100cb14f606,lineage_fcac0dd46107156c97ff,DOUBLE_BOTTOM,AMBIGUOUS,2024-12-26,58.5,2024-10-25,False,,NOT_EVALUABLE,NOT_EVALUABLE,FAIL,8.0,CONFIRMED_UPTREND,ALLOW_NEW_BUYS,NOT_ELIGIBLE,"[""PATTERN_AMBIGUOUS""]",,"[""C_NOT_PIT_AVAILABLE"",""A_3Y_EPS_CAGR_NOT_EVALUABLE"",""L_RS_PERCENTILE_LT_80"",""M_CONFIRMED_UPTREND"",""I_NOT_PIT_EVALUABLE""]"
00096f7a4b4ecab4_DUP,US18467V1098,YOU,2024-03-28,d1a865981e0ac812ffd2dcee,base_e3fc303df61fdcc90c1f,lineage_b7930113209cd55e04a8,CUP_WITHOUT_HANDLE,RECOGNIZED,2024-03-28,24.20999908,2023-12-14,False,,NOT_EVALUABLE,NOT_EVALUABLE,FAIL,31.3846153846,CONFIRMED_UPTREND,ALLOW_NEW_BUYS,PIVOT_DEFINED,[], ,"[]"
00031444ff2d18d6,US49907V2016,KSCP,2025-12-31,58ab01997124bbfff5b8ef1c,base_5a572b998ef693860670,lineage_97f1254a88105bb828d6,FLAT_BASE,REJECTED,2025-11-12,10.14000034,2025-07-18,False,,NOT_EVALUABLE,NOT_EVALUABLE,FAIL,13.2307692308,CONFIRMED_UPTREND,ALLOW_NEW_BUYS,NOT_ELIGIBLE,"[""PATTERN_REJECTED""]",,"[""C_NOT_PIT_AVAILABLE"",""A_3Y_EPS_CAGR_NOT_EVALUABLE"",""L_RS_PERCENTILE_LT_80"",""M_CONFIRMED_UPTREND"",""I_NOT_PIT_EVALUABLE""]"
000314e7790165d5,VGG2788T1113,DOGZ,2025-12-31,c611efd21526e906afad1046,base_22fa28316de3281fb349,lineage_fcac0dd46107156c97ff,DOUBLE_BOTTOM,REJECTED,2025-09-24,14.29990005,2025-09-19,False,,NOT_EVALUABLE,NOT_EVALUABLE,FAIL,9.5384615385,CONFIRMED_UPTREND,ALLOW_NEW_BUYS,NOT_ELIGIBLE,"[""PATTERN_REJECTED""]",,"[""C_NOT_PIT_AVAILABLE"",""A_3Y_EPS_CAGR_NOT_EVALUABLE"",""L_RS_PERCENTILE_LT_80"",""M_CONFIRMED_UPTREND"",""I_NOT_PIT_EVALUABLE""]"
000383a729b7830d,US1570851014,CERS,2025-12-31,4b12ee4ba2ba7298bebcb691,base_8ebe12ccca826d6cde9e,lineage_14709d7d7db52cb2f721,DOUBLE_BOTTOM,RECOGNIZED,2025-09-10,1.60000002,2025-07-02,False,,NOT_EVALUABLE,NOT_EVALUABLE,PASS,85.2307692308,CONFIRMED_UPTREND,ALLOW_NEW_BUYS,PIVOT_DEFINED,"[""BREAKOUT_ALREADY_OCCURRED""]",,"[""C_NOT_PIT_AVAILABLE"",""A_3Y_EPS_CAGR_NOT_EVALUABLE"",""L_RS_PERCENTILE_GE_80"",""M_CONFIRMED_UPTREND"",""I_NOT_PIT_EVALUABLE""]"
00067de66bcd14c8,US98370X1037,XCH,2025-12-31,6f5cff7bccc8c1bfcc5d72b8,base_a0b658100d369de7f5d9,lineage_d986eb4ec6f84bb90a50,CUP_WITH_HANDLE,AMBIGUOUS,2025-10-15,28.60000038,2025-09-22,False,,NOT_EVALUABLE,NOT_EVALUABLE,FAIL,2.1538461538,CONFIRMED_UPTREND,ALLOW_NEW_BUYS,NOT_ELIGIBLE,"[""PATTERN_AMBIGUOUS""]",,"[""C_NOT_PIT_AVAILABLE"",""A_3Y_EPS_CAGR_NOT_EVALUABLE"",""L_RS_PERCENTILE_LT_80"",""M_CONFIRMED_UPTREND"",""I_NOT_PIT_EVALUABLE""]"
0007c2d76c3c24a5,US1570851014,CERS,2024-12-31,18f0283adcad11f0fe7e3810,base_d10eb5c8e84b834ffdc5,lineage_808f215203528d03209c,CUP_WITH_HANDLE,AMBIGUOUS,2024-05-15,2.0,2024-05-03,False,,NOT_EVALUABLE,NOT_EVALUABLE,FAIL,12.0,CONFIRMED_UPTREND,ALLOW_NEW_BUYS,NOT_ELIGIBLE,"[""PATTERN_AMBIGUOUS""]",,"[""C_NOT_PIT_AVAILABLE"",""A_3Y_EPS_CAGR_NOT_EVALUABLE"",""L_RS_PERCENTILE_LT_80"",""M_CONFIRMED_UPTREND"",""I_NOT_PIT_EVALUABLE""]"
00025aa35d388fea,VGG2788T1113,DOGZ,2025-09-30,52f0387a887961a496907f8b,base_0b6f12ea9100cb14f606,lineage_fcac0dd46107156c97ff,CUP_WITH_HANDLE,AMBIGUOUS,2025-06-02,56.01499939,2024-12-06,False,,NOT_EVALUABLE,NOT_EVALUABLE,FAIL,8.0,CONFIRMED_UPTREND,ALLOW_NEW_BUYS,NOT_ELIGIBLE,"[""PATTERN_AMBIGUOUS""]",,"[""C_NOT_PIT_AVAILABLE"",""A_3Y_EPS_CAGR_NOT_EVALUABLE"",""L_RS_PERCENTILE_LT_80"",""M_CONFIRMED_UPTREND"",""I_NOT_PIT_EVALUABLE""]"
0002d0ff38563723,US53216B1044,LFMD,2023-06-30,221d7d599901ecdb2149d306,base_6c8612139285e32ab9a9,lineage_dce02aa3dfac6a20108e,CUP_WITH_HANDLE,AMBIGUOUS,2022-11-23,2.70000005,2022-11-15,False,,NOT_EVALUABLE,NOT_EVALUABLE,FAIL,4.7692307692,CONFIRMED_UPTREND,ALLOW_NEW_BUYS,NOT_ELIGIBLE,"[""PATTERN_AMBIGUOUS""]",,"[""C_NOT_PIT_AVAILABLE"",""A_3Y_EPS_CAGR_NOT_EVALUABLE"",""L_RS_PERCENTILE_LT_80"",""M_CONFIRMED_UPTREND"",""I_NOT_PIT_EVALUABLE""]"
0004b15099b33034_DUP,US03211Q2003,AMPG,2023-06-30,e853824337a7e519eb666f3b,base_b05cfd43ab7ea9dcf13c,lineage_6a64dd512ea05f2e6eb3,CUP_WITH_HANDLE,AMBIGUOUS,2022-11-28,2.77999997,2022-07-22,False,,NOT_EVALUABLE,NOT_EVALUABLE,FAIL,0.7692307692,CONFIRMED_UPTREND,ALLOW_NEW_BUYS,NOT_ELIGIBLE,"[""PATTERN_AMBIGUOUS""]",,"[]"
0004c708babc8e1a_DUP,KYG8552M1179,SUGP,2025-09-30,fb8b88148ef924d3669e30d4,base_a3a4c26859e75cad9424,lineage_a613599695333d5ac9c1,CUP_WITH_HANDLE,AMBIGUOUS,2025-07-25,96.59999847,2024-11-26,False,,NOT_EVALUABLE,NOT_EVALUABLE,FAIL,0.3076923077,CONFIRMED_UPTREND,ALLOW_NEW_BUYS,NOT_ELIGIBLE,"[""PATTERN_AMBIGUOUS""]",,"[]"
000588558b7881ad_DUP,US98955K1043,ZVIA,2024-09-30,bd766f3b66e570d1df8958d7,base_c31b52d43b24361a2878,lineage_d9630e2e24812ba536d4,CUP_WITH_HANDLE,AMBIGUOUS,2024-09-30,2.0999999,2023-10-11,False,,NOT_EVALUABLE,NOT_EVALUABLE,FAIL,12.7692307692,CONFIRMED_UPTREND,ALLOW_NEW_BUYS,NOT_ELIGIBLE,"[""PATTERN_AMBIGUOUS""]",,"[]"
0008d4360baf2719,KYG7785M1261,SFHG,2025-12-31,2468c272994056c63e17b9b8,base_d30252ea20db038a3ffb,lineage_7c5cda8ce33d630be0c9,DOUBLE_BOTTOM,REJECTED,2025-11-21,2.54999995,2025-11-07,False,,NOT_EVALUABLE,NOT_EVALUABLE,FAIL,4.7692307692,CONFIRMED_UPTREND,ALLOW_NEW_BUYS,NOT_ELIGIBLE,"[""PATTERN_REJECTED""]",,"[""C_NOT_PIT_AVAILABLE"",""A_3Y_EPS_CAGR_NOT_EVALUABLE"",""L_RS_PERCENTILE_LT_80"",""M_CONFIRMED_UPTREND"",""I_NOT_PIT_EVALUABLE""]"
00002280327d25f6,KYG8552M1179,SUGP,2025-12-31,5883564fc18d90954c3eedb9,base_3fb192d2fbff86d951bd,lineage_a613599695333d5ac9c1,DOUBLE_BOTTOM,REJECTED,2025-03-19,133.0,2024-12-26,False,,NOT_EVALUABLE,NOT_EVALUABLE,FAIL,0.4615384615,CONFIRMED_UPTREND,ALLOW_NEW_BUYS,NOT_ELIGIBLE,"[""PATTERN_REJECTED""]",,"[""C_NOT_PIT_AVAILABLE"",""A_3Y_EPS_CAGR_NOT_EVALUABLE"",""L_RS_PERCENTILE_LT_80"",""M_CONFIRMED_UPTREND"",""I_NOT_PIT_EVALUABLE""]"
